well_id,api_number,well_name,field,field_code,basin,district,state,block_name,operator,latitude,longitude,formation,formation_code,target_depth_m,measured_depth_m,true_vertical_depth_m,well_type,well_trajectory,rig_name,license_type,spud_date,completion_date,status,risk_zone,geometry_wkt,coordinate_source,formation_top_m,formation_bottom_m,lithology,pore_pressure_psi,fracture_gradient_ppg,mud_type,inclination_deg,azimuth_deg,static_risk_score,synthetic_data_notice,data_version
OIL-DGB-001,OIL-ASM-000001,Digboi-001,Digboi,DGB,Assam-Arakan,Tinsukia,Assam,PEL-ASSAM-01,Oil India Limited (Synthetic),27.410808,95.645359,Tipam,TIP,2459,2475,2445,Development,Vertical,OIL Rig-05,PEL,2018-04-04,2018-09-27,Completed,Low,POINT(95.645359 27.410808),Synthetic around public Upper Assam field centers,1487,2091,Fine-medium sandstone with shale interbeds,2755.9,14.1,KCl Polymer WBM,3.1,132.3,40.6,Synthetic - not an Oil India operational record,NWIS-SYNTH-V3-CORRECTED
OIL-NHK-001,OIL-ASM-000002,Nahorkatiya-001,Nahorkatiya,NHK,Assam-Arakan,Dibrugarh,Assam,PEL-ASSAM-02,Oil India Limited (Synthetic),27.297803,95.32606,Girujan,GRJ,1952,1967,1945,Development,Vertical,OIL Rig-20,PEL,2014-05-07,2014-08-20,Abandoned,Low,POINT(95.32606 27.297803),Synthetic around public Upper Assam field centers,1103,1701,Argillaceous sandstone and shale,2023.9,14.3,Low-Solids WBM,0.6,197.1,38.4,Synthetic - not an Oil India operational record,NWIS-SYNTH-V3-CORRECTED
OIL-MRN-001,OIL-ASM-000003,Moran-001,Moran,MRN,Assam-Arakan,Dibrugarh,Assam,PEL-ASSAM-03,Oil India Limited (Synthetic),27.196402,94.885931,Tipam,TIP,2556,2580,2541,Observation,Directional,OIL Rig-20,PEL,2003-02-14,2003-05-13,Completed,Moderate,POINT(94.885931 27.196402),Synthetic around public Upper Assam field centers,1250,1912,Sandstone-siltstone sequence,2337.3,14.77,PHPA Water-Based Mud,15.2,267.1,49.5,Synthetic - not an Oil India operational record,NWIS-SYNTH-V3-CORRECTED
OIL-LKW-001,OIL-ASM-000004,Lakwa-001,Lakwa,LKW,Assam-Arakan,Charaideo,Assam,PEL-ASSAM-04,Oil India Limited (Synthetic),26.928998,94.790271,Barail,BAR,3203,3210,3181,Development,Vertical,OIL Rig-10,PEL,2002-04-11,2002-09-18,Historical,High,POINT(94.790271 26.928998),Synthetic around public Upper Assam field centers,1969,2859,Interbedded sandstone and shale,3951.5,15.27,Glycol-PHPA WBM,4.7,216.4,59.1,Synthetic - not an Oil India operational record,NWIS-SYNTH-V3-CORRECTED
OIL-GLK-001,OIL-ASM-000005,Geleki-001,Geleki,GLK,Assam-Arakan,Charaideo,Assam,PEL-ASSAM-05,Oil India Limited (Synthetic),26.752507,94.629052,Barail,BAR,2570,2603,2561,Development,Vertical,OIL Rig-18,PEL,1998-01-31,1998-07-19,Abandoned,Moderate,POINT(94.629052 26.752507),Synthetic around public Upper Assam field centers,1290,2090,Interbedded sandstone and shale,2564.4,14.96,KCl Polymer WBM,0.7,192.5,45.2,Synthetic - not an Oil India operational record,NWIS-SYNTH-V3-CORRECTED
OIL-RDS-001,OIL-ASM-000006,Rudrasagar-001,Rudrasagar,RDS,Assam-Arakan,Sivasagar,Assam,PEL-ASSAM-06,Oil India Limited (Synthetic),26.878713,94.589652,Girujan,GRJ,2272,2302,2253,Development,Vertical,OIL Rig-12,PEL,2006-09-13,2007-01-19,Historical,Low,POINT(94.589652 26.878713),Synthetic around public Upper Assam field centers,1183,1731,Silty shale with sandstone lenses,2075.0,14.7,Glycol-PHPA WBM,5.6,113.9,34.5,Synthetic - not an Oil India operational record,NWIS-SYNTH-V3-CORRECTED
OIL-HPJ-001,OIL-ASM-000007,Hapjan-001,Hapjan,HPJ,Assam-Arakan,Tinsukia,Assam,OALP-III-07,Oil India Limited (Synthetic),27.365916,95.239356,Girujan,GRJ,2341,2365,2327,Appraisal,Directional,OIL Rig-10,OALP,2001-08-17,2001-10-22,Historical,Low,POINT(95.239356 27.365916),Synthetic around public Upper Assam field centers,1443,2096,Silty shale with sandstone lenses,2546.6,14.17,KCl Polymer WBM,20.4,290.2,42.0,Synthetic - not an Oil India operational record,NWIS-SYNTH-V3-CORRECTED
OIL-DRK-001,OIL-ASM-000008,Dirok-001,Dirok,DRK,Assam-Arakan,Dibrugarh,Assam,OALP-III-08,Oil India Limited (Synthetic),27.263965,95.267721,Tipam,TIP,2240,2256,2226,Development,Vertical,OIL Rig-12,OALP,2017-11-18,2018-04-05,Historical,Moderate,POINT(95.267721 27.263965),Synthetic around public Upper Assam field centers,1197,1943,Fluvial sandstone with clay streaks,2533.5,14.33,PHPA Water-Based Mud,0.9,318.5,50.5,Synthetic - not an Oil India operational record,NWIS-SYNTH-V3-CORRECTED
OIL-BGJ-001,OIL-ASM-000009,Baghjan-001,Baghjan,BGJ,Assam-Arakan,Tinsukia,Assam,OALP-IV-03,Oil India Limited (Synthetic),27.468059,95.480207,Barail,BAR,2875,2906,2852,Development,Vertical,OIL Rig-14,OALP,2013-12-26,2014-02-12,Completed,Moderate,POINT(95.480207 27.468059),Synthetic around public Upper Assam field centers,1256,2168,Fine sandstone with carbonaceous shale,2725.8,15.96,PHPA Water-Based Mud,2.1,243.4,52.3,Synthetic - not an Oil India operational record,NWIS-SYNTH-V3-CORRECTED
OIL-BRH-001,OIL-ASM-000010,Borholla-001,Borholla,BRH,Assam-Arakan,Jorhat,Assam,PEL-ASSAM-07,Oil India Limited (Synthetic),26.727393,94.376309,Girujan,GRJ,2215,2223,2212,Appraisal,Deviated,OIL Rig-14,PEL,2007-03-24,2007-08-18,Historical,Moderate,POINT(94.376309 26.727393),Synthetic around public Upper Assam field centers,1350,1916,Silty shale with sandstone lenses,2515.0,15.07,Glycol-PHPA WBM,19.8,14.9,44.7,Synthetic - not an Oil India operational record,NWIS-SYNTH-V3-CORRECTED
OIL-CHR-001,OIL-ASM-000011,Charali-001,Charali,CHR,Assam-Arakan,Biswanath,Assam,PEL-ASSAM-08,Oil India Limited (Synthetic),26.96583,93.975089,Barail,BAR,3078,3103,3074,Exploration,Vertical,OIL Rig-16,PEL,1998-07-15,1998-11-11,Historical,Moderate,POINT(93.975089 26.96583),Synthetic around public Upper Assam field centers,1937,3054,Interbedded sandstone and shale,4017.5,15.53,PHPA Water-Based Mud,3.7,297.8,51.4,Synthetic - not an Oil India operational record,NWIS-SYNTH-V3-CORRECTED
OIL-KMC-001,OIL-ASM-000012,Kumchai-001,Kumchai,KMC,Assam-Arakan,Tinsukia,Assam,OALP-IV-04,Oil India Limited (Synthetic),27.416451,95.413599,Barail,BAR,3323,3352,3300,Development,Vertical,OIL Rig-10,OALP,2001-08-19,2001-12-07,Completed,Critical,POINT(95.413599 27.416451),Synthetic around public Upper Assam field centers,1920,3022,Interbedded sandstone and shale,4135.3,15.25,Glycol-PHPA WBM,2.2,219.5,62.3,Synthetic - not an Oil India operational record,NWIS-SYNTH-V3-CORRECTED
OIL-DGB-002,OIL-ASM-000013,Digboi-002,Digboi,DGB,Assam-Arakan,Tinsukia,Assam,PEL-ASSAM-01,Oil India Limited (Synthetic),27.404733,95.601775,Tipam,TIP,2478,2502,2469,Appraisal,Vertical,OIL Rig-14,PEL,2014-11-25,2015-01-21,Historical,Moderate,POINT(95.601775 27.404733),Synthetic around public Upper Assam field centers,1185,1746,Sandstone-siltstone sequence,2394.2,14.44,PHPA Water-Based Mud,5.7,295.2,47.1,Synthetic - not an Oil India operational record,NWIS-SYNTH-V3-CORRECTED
OIL-NHK-002,OIL-ASM-000014,Nahorkatiya-002,Nahorkatiya,NHK,Assam-Arakan,Dibrugarh,Assam,PEL-ASSAM-02,Oil India Limited (Synthetic),27.265898,95.359831,Tipam,TIP,2595,2606,2591,Development,Deviated,OIL Rig-08,PEL,2001-04-13,2001-08-30,Historical,High,POINT(95.359831 27.265898),Synthetic around public Upper Assam field centers,1479,2356,Sandstone-siltstone sequence,2845.5,14.84,Glycol-PHPA WBM,24.0,345.1,60.8,Synthetic - not an Oil India operational record,NWIS-SYNTH-V3-CORRECTED
OIL-MRN-002,OIL-ASM-000015,Moran-002,Moran,MRN,Assam-Arakan,Dibrugarh,Assam,PEL-ASSAM-03,Oil India Limited (Synthetic),27.197769,94.932955,Tipam,TIP,2530,2545,2508,Development,Directional,OIL Rig-05,PEL,2005-06-08,2005-07-29,Completed,Moderate,POINT(94.932955 27.197769),Synthetic around public Upper Assam field centers,1177,1892,Fluvial sandstone with clay streaks,2318.5,14.29,Glycol-PHPA WBM,31.6,265.2,44.2,Synthetic - not an Oil India operational record,NWIS-SYNTH-V3-CORRECTED
OIL-LKW-002,OIL-ASM-000016,Lakwa-002,Lakwa,LKW,Assam-Arakan,Charaideo,Assam,PEL-ASSAM-04,Oil India Limited (Synthetic),26.916251,94.747313,Kopili,KOP,3053,3076,3047,Development,Deviated,OIL Rig-16,PEL,2011-06-18,2011-11-16,Historical,Moderate,POINT(94.747313 26.916251),Synthetic around public Upper Assam field centers,1374,2148,Compact shale with sandstone streaks,2746.2,15.33,KCl Polymer WBM,14.8,64.6,55.4,Synthetic - not an Oil India operational record,NWIS-SYNTH-V3-CORRECTED
OIL-GLK-002,OIL-ASM-000017,Geleki-002,Geleki,GLK,Assam-Arakan,Charaideo,Assam,PEL-ASSAM-05,Oil India Limited (Synthetic),26.767228,94.644257,Kopili,KOP,3212,3230,3189,Development,Vertical,OIL Rig-20,PEL,2013-05-30,2013-09-11,Abandoned,High,POINT(94.644257 26.767228),Synthetic around public Upper Assam field centers,1414,2127,Calcareous shale and siltstone,3107.9,15.58,Glycol-PHPA WBM,4.4,221.3,60.4,Synthetic - not an Oil India operational record,NWIS-SYNTH-V3-CORRECTED
OIL-RDS-002,OIL-ASM-000018,Rudrasagar-002,Rudrasagar,RDS,Assam-Arakan,Sivasagar,Assam,PEL-ASSAM-06,Oil India Limited (Synthetic),26.887655,94.616849,Girujan,GRJ,1920,1926,1909,Exploration,Vertical,OIL Rig-08,PEL,2005-11-24,2006-05-23,Historical,Low,POINT(94.616849 26.887655),Synthetic around public Upper Assam field centers,977,1662,Silty shale with sandstone lenses,1858.5,14.4,PHPA Water-Based Mud,0.7,316.2,31.5,Synthetic - not an Oil India operational record,NWIS-SYNTH-V3-CORRECTED
OIL-HPJ-002,OIL-ASM-000019,Hapjan-002,Hapjan,HPJ,Assam-Arakan,Tinsukia,Assam,OALP-III-07,Oil India Limited (Synthetic),27.316977,95.219412,Girujan,GRJ,2045,2074,2038,Exploration,Directional,OIL Rig-14,OALP,2002-03-24,2002-07-29,Completed,Low,POINT(95.219412 27.316977),Synthetic around public Upper Assam field centers,1146,1786,Silty shale with sandstone lenses,2213.5,14.72,Glycol-PHPA WBM,36.1,53.0,38.6,Synthetic - not an Oil India operational record,NWIS-SYNTH-V3-CORRECTED
OIL-DRK-002,OIL-ASM-000020,Dirok-002,Dirok,DRK,Assam-Arakan,Dibrugarh,Assam,OALP-III-08,Oil India Limited (Synthetic),27.271015,95.299202,Kopili,KOP,3169,3197,3163,Development,Vertical,OIL Rig-05,OALP,1999-10-24,2000-03-01,Historical,High,POINT(95.299202 27.271015),Synthetic around public Upper Assam field centers,1899,2794,Compact shale with sandstone streaks,3913.6,15.23,KCl Polymer WBM,1.7,24.6,56.9,Synthetic - not an Oil India operational record,NWIS-SYNTH-V3-CORRECTED
OIL-BGJ-002,OIL-ASM-000021,Baghjan-002,Baghjan,BGJ,Assam-Arakan,Tinsukia,Assam,OALP-IV-03,Oil India Limited (Synthetic),27.510805,95.494431,Tipam,TIP,2467,2501,2461,Observation,Vertical,OIL Rig-16,OALP,2014-07-08,2014-11-23,Historical,Moderate,POINT(95.494431 27.510805),Synthetic around public Upper Assam field centers,1483,2135,Fine-medium sandstone with shale interbeds,2808.7,14.98,KCl Polymer WBM,4.3,315.8,50.7,Synthetic - not an Oil India operational record,NWIS-SYNTH-V3-CORRECTED
OIL-BRH-002,OIL-ASM-000022,Borholla-002,Borholla,BRH,Assam-Arakan,Jorhat,Assam,PEL-ASSAM-07,Oil India Limited (Synthetic),26.765769,94.362032,Lakadong+Therria,LKT,3606,3612,3595,Development,Vertical,OIL Rig-18,PEL,2019-10-01,2019-12-12,Historical,Moderate,POINT(94.362032 26.765769),Synthetic around public Upper Assam field centers,1785,3067,Sandstone with carbonaceous interbeds,3852.9,14.05,Low-Solids WBM,4.4,116.1,51.3,Synthetic - not an Oil India operational record,NWIS-SYNTH-V3-CORRECTED
OIL-CHR-002,OIL-ASM-000023,Charali-002,Charali,CHR,Assam-Arakan,Biswanath,Assam,PEL-ASSAM-08,Oil India Limited (Synthetic),26.995841,93.987728,Girujan,GRJ,2017,2035,1998,Appraisal,Vertical,OIL Rig-08,PEL,2008-05-13,2008-07-05,Historical,Low,POINT(93.987728 26.995841),Synthetic around public Upper Assam field centers,1164,1867,Claystone-sandstone alternation,2337.3,14.35,Glycol-PHPA WBM,3.8,238.8,31.3,Synthetic - not an Oil India operational record,NWIS-SYNTH-V3-CORRECTED
OIL-KMC-002,OIL-ASM-000024,Kumchai-002,Kumchai,KMC,Assam-Arakan,Tinsukia,Assam,OALP-IV-04,Oil India Limited (Synthetic),27.431725,95.413153,Barail,BAR,3207,3240,3192,Exploration,Vertical,OIL Rig-18,OALP,2013-11-11,2014-01-01,Historical,Moderate,POINT(95.413153 27.431725),Synthetic around public Upper Assam field centers,1520,2381,Sandstone-shale-coal sequence,3075.0,15.23,PHPA Water-Based Mud,4.9,320.0,46.4,Synthetic - not an Oil India operational record,NWIS-SYNTH-V3-CORRECTED
OIL-DGB-003,OIL-ASM-000025,Digboi-003,Digboi,DGB,Assam-Arakan,Tinsukia,Assam,PEL-ASSAM-01,Oil India Limited (Synthetic),27.373072,95.652998,Barail,BAR,2821,2837,2801,Exploration,Vertical,OIL Rig-18,PEL,2024-03-26,2024-05-28,Historical,High,POINT(95.652998 27.373072),Synthetic around public Upper Assam field centers,1440,2236,Interbedded sandstone and shale,2906.2,14.51,PHPA Water-Based Mud,2.7,222.5,58.8,Synthetic - not an Oil India operational record,NWIS-SYNTH-V3-CORRECTED
OIL-NHK-003,OIL-ASM-000026,Nahorkatiya-003,Nahorkatiya,NHK,Assam-Arakan,Dibrugarh,Assam,PEL-ASSAM-02,Oil India Limited (Synthetic),27.306011,95.299273,Barail,BAR,2674,2691,2663,Development,Vertical,OIL Rig-05,PEL,2023-06-09,2023-09-21,Historical,High,POINT(95.299273 27.306011),Synthetic around public Upper Assam field centers,1629,2320,Interbedded sandstone and shale,3027.6,15.56,KCl Polymer WBM,0.8,176.4,59.5,Synthetic - not an Oil India operational record,NWIS-SYNTH-V3-CORRECTED
OIL-MRN-003,OIL-ASM-000027,Moran-003,Moran,MRN,Assam-Arakan,Dibrugarh,Assam,PEL-ASSAM-03,Oil India Limited (Synthetic),27.204453,94.889009,Barail,BAR,2740,2752,2736,Appraisal,Directional,OIL Rig-05,PEL,2004-01-09,2004-07-04,Historical,Critical,POINT(94.889009 27.204453),Synthetic around public Upper Assam field centers,1270,2175,Fine sandstone with carbonaceous shale,2719.4,14.39,Glycol-PHPA WBM,30.9,86.4,63.2,Synthetic - not an Oil India operational record,NWIS-SYNTH-V3-CORRECTED
OIL-LKW-003,OIL-ASM-000028,Lakwa-003,Lakwa,LKW,Assam-Arakan,Charaideo,Assam,PEL-ASSAM-04,Oil India Limited (Synthetic),26.918664,94.81011,Lakadong+Therria,LKT,3474,3482,3455,Development,Vertical,OIL Rig-05,PEL,2020-10-09,2020-12-07,Historical,Low,POINT(94.81011 26.918664),Synthetic around public Upper Assam field centers,1853,3155,Sandstone-coal-shale sequence,3592.6,14.49,PHPA Water-Based Mud,3.6,209.8,37.9,Synthetic - not an Oil India operational record,NWIS-SYNTH-V3-CORRECTED
OIL-GLK-003,OIL-ASM-000029,Geleki-003,Geleki,GLK,Assam-Arakan,Charaideo,Assam,PEL-ASSAM-05,Oil India Limited (Synthetic),26.783079,94.596937,Kopili,KOP,3038,3046,3035,Development,Vertical,OIL Rig-08,PEL,2015-01-13,2015-06-15,Historical,High,POINT(94.596937 26.783079),Synthetic around public Upper Assam field centers,1651,2349,Shale-dominant interval with thin sandstone,3505.9,15.42,Low-Solids WBM,4.1,201.9,56.8,Synthetic - not an Oil India operational record,NWIS-SYNTH-V3-CORRECTED
OIL-RDS-003,OIL-ASM-000030,Rudrasagar-003,Rudrasagar,RDS,Assam-Arakan,Sivasagar,Assam,PEL-ASSAM-06,Oil India Limited (Synthetic),26.934025,94.6321,Kopili,KOP,3233,3256,3215,Exploration,Directional,OIL Rig-10,PEL,2013-06-27,2013-10-26,Completed,High,POINT(94.6321 26.934025),Synthetic around public Upper Assam field centers,1928,2772,Calcareous shale and siltstone,3846.5,14.91,Glycol-PHPA WBM,41.2,296.0,61.6,Synthetic - not an Oil India operational record,NWIS-SYNTH-V3-CORRECTED
OIL-HPJ-003,OIL-ASM-000031,Hapjan-003,Hapjan,HPJ,Assam-Arakan,Tinsukia,Assam,OALP-III-07,Oil India Limited (Synthetic),27.341587,95.270837,Girujan,GRJ,1959,1968,1941,Development,Directional,OIL Rig-18,OALP,2004-10-30,2005-02-25,Abandoned,Moderate,POINT(95.270837 27.341587),Synthetic around public Upper Assam field centers,955,1518,Claystone-sandstone alternation,1949.0,14.16,Low-Solids WBM,26.9,115.1,52.0,Synthetic - not an Oil India operational record,NWIS-SYNTH-V3-CORRECTED
OIL-DRK-003,OIL-ASM-000032,Dirok-003,Dirok,DRK,Assam-Arakan,Dibrugarh,Assam,OALP-III-08,Oil India Limited (Synthetic),27.240249,95.250373,Kopili,KOP,3414,3423,3409,Development,Vertical,OIL Rig-12,OALP,2009-07-31,2009-11-19,Historical,Moderate,POINT(95.250373 27.240249),Synthetic around public Upper Assam field centers,1659,2625,Calcareous shale and siltstone,3548.8,15.71,KCl Polymer WBM,5.4,242.1,51.6,Synthetic - not an Oil India operational record,NWIS-SYNTH-V3-CORRECTED
OIL-BGJ-003,OIL-ASM-000033,Baghjan-003,Baghjan,BGJ,Assam-Arakan,Tinsukia,Assam,OALP-IV-03,Oil India Limited (Synthetic),27.45975,95.483442,Girujan,GRJ,2307,2316,2287,Exploration,Directional,OIL Rig-20,OALP,2012-11-30,2013-04-08,Historical,Critical,POINT(95.483442 27.45975),Synthetic around public Upper Assam field centers,1449,2003,Argillaceous sandstone and shale,2531.0,14.36,KCl Polymer WBM,27.4,141.7,62.7,Synthetic - not an Oil India operational record,NWIS-SYNTH-V3-CORRECTED
OIL-BRH-003,OIL-ASM-000034,Borholla-003,Borholla,BRH,Assam-Arakan,Jorhat,Assam,PEL-ASSAM-07,Oil India Limited (Synthetic),26.716564,94.327768,Tipam,TIP,2370,2404,2345,Observation,Vertical,OIL Rig-20,PEL,2007-07-23,2007-11-28,Historical,Moderate,POINT(94.327768 26.716564),Synthetic around public Upper Assam field centers,1240,2099,Sandstone-siltstone sequence,2702.3,14.48,Glycol-PHPA WBM,3.6,33.5,52.0,Synthetic - not an Oil India operational record,NWIS-SYNTH-V3-CORRECTED
OIL-CHR-003,OIL-ASM-000035,Charali-003,Charali,CHR,Assam-Arakan,Biswanath,Assam,PEL-ASSAM-08,Oil India Limited (Synthetic),26.988416,93.972619,Barail,BAR,2980,2996,2957,Development,Vertical,OIL Rig-18,PEL,2007-03-31,2007-08-07,Historical,Moderate,POINT(93.972619 26.988416),Synthetic around public Upper Assam field centers,1802,2816,Interbedded sandstone and shale,3771.5,15.55,KCl Polymer WBM,3.3,308.9,55.6,Synthetic - not an Oil India operational record,NWIS-SYNTH-V3-CORRECTED
OIL-KMC-003,OIL-ASM-000036,Kumchai-003,Kumchai,KMC,Assam-Arakan,Tinsukia,Assam,OALP-IV-04,Oil India Limited (Synthetic),27.446141,95.411846,Girujan,GRJ,2001,2012,1997,Development,Vertical,OIL Rig-10,OALP,2001-10-30,2001-12-18,Completed,Low,POINT(95.411846 27.446141),Synthetic around public Upper Assam field centers,1169,1825,Silty shale with sandstone lenses,2215.1,14.87,KCl Polymer WBM,0.7,7.3,38.6,Synthetic - not an Oil India operational record,NWIS-SYNTH-V3-CORRECTED
OIL-DGB-004,OIL-ASM-000037,Digboi-004,Digboi,DGB,Assam-Arakan,Tinsukia,Assam,PEL-ASSAM-01,Oil India Limited (Synthetic),27.406967,95.646729,Tipam,TIP,2538,2558,2525,Development,Vertical,OIL Rig-14,PEL,2021-02-18,2021-06-30,Historical,Low,POINT(95.646729 27.406967),Synthetic around public Upper Assam field centers,1304,2009,Sandstone-siltstone sequence,2484.7,15.25,PHPA Water-Based Mud,1.0,259.5,35.0,Synthetic - not an Oil India operational record,NWIS-SYNTH-V3-CORRECTED
OIL-NHK-004,OIL-ASM-000038,Nahorkatiya-004,Nahorkatiya,NHK,Assam-Arakan,Dibrugarh,Assam,PEL-ASSAM-02,Oil India Limited (Synthetic),27.281426,95.328274,Tipam,TIP,2843,2857,2838,Development,Deviated,OIL Rig-18,PEL,1999-05-30,1999-08-14,Historical,Moderate,POINT(95.328274 27.281426),Synthetic around public Upper Assam field centers,1522,2578,Fluvial sandstone with clay streaks,3209.6,14.33,PHPA Water-Based Mud,14.8,56.8,47.9,Synthetic - not an Oil India operational record,NWIS-SYNTH-V3-CORRECTED
OIL-MRN-004,OIL-ASM-000039,Moran-004,Moran,MRN,Assam-Arakan,Dibrugarh,Assam,PEL-ASSAM-03,Oil India Limited (Synthetic),27.158078,94.954694,Girujan,GRJ,2321,2328,2306,Exploration,Deviated,OIL Rig-20,PEL,2015-10-05,2015-12-26,Abandoned,Low,POINT(94.954694 27.158078),Synthetic around public Upper Assam field centers,1259,1909,Silty shale with sandstone lenses,2403.3,13.86,KCl Polymer WBM,17.0,54.3,41.1,Synthetic - not an Oil India operational record,NWIS-SYNTH-V3-CORRECTED
OIL-LKW-004,OIL-ASM-000040,Lakwa-004,Lakwa,LKW,Assam-Arakan,Charaideo,Assam,PEL-ASSAM-04,Oil India Limited (Synthetic),26.919501,94.759961,Tipam,TIP,2494,2526,2485,Appraisal,Deviated,OIL Rig-20,PEL,2000-12-27,2001-03-11,Historical,Moderate,POINT(94.759961 26.919501),Synthetic around public Upper Assam field centers,1506,2226,Sandstone-siltstone sequence,2715.8,14.26,PHPA Water-Based Mud,11.6,245.1,45.1,Synthetic - not an Oil India operational record,NWIS-SYNTH-V3-CORRECTED
OIL-GLK-004,OIL-ASM-000041,Geleki-004,Geleki,GLK,Assam-Arakan,Charaideo,Assam,PEL-ASSAM-05,Oil India Limited (Synthetic),26.775067,94.598972,Barail,BAR,2519,2525,2500,Development,Vertical,OIL Rig-12,PEL,2016-03-27,2016-05-22,Abandoned,Moderate,POINT(94.598972 26.775067),Synthetic around public Upper Assam field centers,1176,1950,Interbedded sandstone and shale,2488.4,15.15,PHPA Water-Based Mud,1.9,338.2,52.9,Synthetic - not an Oil India operational record,NWIS-SYNTH-V3-CORRECTED
OIL-RDS-004,OIL-ASM-000042,Rudrasagar-004,Rudrasagar,RDS,Assam-Arakan,Sivasagar,Assam,PEL-ASSAM-06,Oil India Limited (Synthetic),26.918877,94.650567,Kopili,KOP,3384,3418,3366,Exploration,Vertical,OIL Rig-08,PEL,2011-06-28,2011-12-20,Historical,High,POINT(94.650567 26.918877),Synthetic around public Upper Assam field centers,1830,3071,Calcareous shale and siltstone,4212.2,15.24,PHPA Water-Based Mud,1.1,315.6,57.9,Synthetic - not an Oil India operational record,NWIS-SYNTH-V3-CORRECTED
OIL-HPJ-004,OIL-ASM-000043,Hapjan-004,Hapjan,HPJ,Assam-Arakan,Tinsukia,Assam,OALP-III-07,Oil India Limited (Synthetic),27.312894,95.219714,Barail,BAR,2805,2819,2781,Development,Vertical,OIL Rig-14,OALP,2001-05-20,2001-07-11,Historical,Moderate,POINT(95.219714 27.312894),Synthetic around public Upper Assam field centers,1232,2124,Interbedded sandstone and shale,2770.5,15.37,Low-Solids WBM,2.9,9.3,53.2,Synthetic - not an Oil India operational record,NWIS-SYNTH-V3-CORRECTED
OIL-DRK-004,OIL-ASM-000044,Dirok-004,Dirok,DRK,Assam-Arakan,Dibrugarh,Assam,OALP-III-08,Oil India Limited (Synthetic),27.243694,95.266856,Girujan,GRJ,2124,2147,2119,Development,Vertical,OIL Rig-05,OALP,2013-03-12,2013-08-03,Historical,Moderate,POINT(95.266856 27.243694),Synthetic around public Upper Assam field centers,1278,1845,Argillaceous sandstone and shale,2388.3,13.91,Glycol-PHPA WBM,1.0,118.5,46.4,Synthetic - not an Oil India operational record,NWIS-SYNTH-V3-CORRECTED
OIL-BGJ-004,OIL-ASM-000045,Baghjan-004,Baghjan,BGJ,Assam-Arakan,Tinsukia,Assam,OALP-IV-03,Oil India Limited (Synthetic),27.516659,95.478453,Tipam,TIP,2393,2403,2376,Appraisal,Vertical,OIL Rig-05,OALP,2009-12-05,2010-03-19,Historical,Low,POINT(95.478453 27.516659),Synthetic around public Upper Assam field centers,1094,1856,Fluvial sandstone with clay streaks,2305.7,14.96,Low-Solids WBM,1.3,71.7,38.9,Synthetic - not an Oil India operational record,NWIS-SYNTH-V3-CORRECTED
OIL-BRH-004,OIL-ASM-000046,Borholla-004,Borholla,BRH,Assam-Arakan,Jorhat,Assam,PEL-ASSAM-07,Oil India Limited (Synthetic),26.761754,94.356875,Barail,BAR,3219,3248,3211,Appraisal,Vertical,OIL Rig-20,PEL,2010-01-03,2010-02-21,Historical,High,POINT(94.356875 26.761754),Synthetic around public Upper Assam field centers,1972,3160,Interbedded sandstone and shale,4059.3,15.01,PHPA Water-Based Mud,2.2,242.4,57.9,Synthetic - not an Oil India operational record,NWIS-SYNTH-V3-CORRECTED
OIL-CHR-004,OIL-ASM-000047,Charali-004,Charali,CHR,Assam-Arakan,Biswanath,Assam,PEL-ASSAM-08,Oil India Limited (Synthetic),26.954981,93.959055,Girujan,GRJ,2076,2108,2054,Development,Directional,OIL Rig-08,PEL,2005-12-06,2006-03-09,Historical,Low,POINT(93.959055 26.954981),Synthetic around public Upper Assam field centers,997,1545,Silty shale with sandstone lenses,1943.4,14.64,KCl Polymer WBM,34.2,325.2,39.6,Synthetic - not an Oil India operational record,NWIS-SYNTH-V3-CORRECTED
OIL-KMC-004,OIL-ASM-000048,Kumchai-004,Kumchai,KMC,Assam-Arakan,Tinsukia,Assam,OALP-IV-04,Oil India Limited (Synthetic),27.454998,95.385729,Barail,BAR,2652,2663,2648,Observation,Deviated,OIL Rig-14,OALP,2019-01-09,2019-05-20,Abandoned,Moderate,POINT(95.385729 27.454998),Synthetic around public Upper Assam field centers,1675,2623,Sandstone-shale-coal sequence,3399.4,15.57,PHPA Water-Based Mud,22.6,131.5,54.5,Synthetic - not an Oil India operational record,NWIS-SYNTH-V3-CORRECTED
OIL-DGB-005,OIL-ASM-000049,Digboi-005,Digboi,DGB,Assam-Arakan,Tinsukia,Assam,PEL-ASSAM-01,Oil India Limited (Synthetic),27.373073,95.61228,Tipam,TIP,2321,2345,2315,Appraisal,Directional,OIL Rig-05,PEL,2012-07-23,2013-01-16,Historical,Moderate,POINT(95.61228 27.373073),Synthetic around public Upper Assam field centers,1030,1901,Sandstone-siltstone sequence,2243.9,14.42,PHPA Water-Based Mud,35.8,290.1,51.6,Synthetic - not an Oil India operational record,NWIS-SYNTH-V3-CORRECTED
OIL-NHK-005,OIL-ASM-000050,Nahorkatiya-005,Nahorkatiya,NHK,Assam-Arakan,Dibrugarh,Assam,PEL-ASSAM-02,Oil India Limited (Synthetic),27.262435,95.357035,Barail,BAR,3140,3165,3126,Development,Directional,OIL Rig-20,PEL,2017-03-14,2017-06-15,Completed,Critical,POINT(95.357035 27.262435),Synthetic around public Upper Assam field centers,1655,2357,Fine sandstone with carbonaceous shale,3043.7,15.29,Low-Solids WBM,31.9,45.0,67.7,Synthetic - not an Oil India operational record,NWIS-SYNTH-V3-CORRECTED
OIL-MRN-005,OIL-ASM-000051,Moran-005,Moran,MRN,Assam-Arakan,Dibrugarh,Assam,PEL-ASSAM-03,Oil India Limited (Synthetic),27.214282,94.921825,Tipam,TIP,2150,2165,2132,Exploration,Vertical,OIL Rig-16,PEL,1998-07-02,1998-12-14,Historical,Low,POINT(94.921825 27.214282),Synthetic around public Upper Assam field centers,1098,1719,Fluvial sandstone with clay streaks,2187.4,14.69,Low-Solids WBM,5.4,215.6,36.8,Synthetic - not an Oil India operational record,NWIS-SYNTH-V3-CORRECTED
OIL-LKW-005,OIL-ASM-000052,Lakwa-005,Lakwa,LKW,Assam-Arakan,Charaideo,Assam,PEL-ASSAM-04,Oil India Limited (Synthetic),26.896216,94.798182,Tipam,TIP,2485,2517,2482,Development,Vertical,OIL Rig-20,PEL,2018-05-19,2018-11-06,Completed,Moderate,POINT(94.798182 26.896216),Synthetic around public Upper Assam field centers,1468,2264,Sandstone-siltstone sequence,2768.2,14.27,KCl Polymer WBM,1.4,316.3,50.3,Synthetic - not an Oil India operational record,NWIS-SYNTH-V3-CORRECTED
OIL-GLK-005,OIL-ASM-000053,Geleki-005,Geleki,GLK,Assam-Arakan,Charaideo,Assam,PEL-ASSAM-05,Oil India Limited (Synthetic),26.770671,94.579126,Tipam,TIP,2276,2303,2262,Development,Vertical,OIL Rig-20,PEL,2010-08-19,2011-01-15,Historical,Moderate,POINT(94.579126 26.770671),Synthetic around public Upper Assam field centers,1230,2069,Fluvial sandstone with clay streaks,2549.3,14.78,PHPA Water-Based Mud,5.8,69.2,49.6,Synthetic - not an Oil India operational record,NWIS-SYNTH-V3-CORRECTED
OIL-RDS-005,OIL-ASM-000054,Rudrasagar-005,Rudrasagar,RDS,Assam-Arakan,Sivasagar,Assam,PEL-ASSAM-06,Oil India Limited (Synthetic),26.936792,94.641992,Tipam,TIP,2462,2491,2449,Exploration,Vertical,OIL Rig-18,PEL,1998-05-08,1998-09-18,Historical,Moderate,POINT(94.641992 26.936792),Synthetic around public Upper Assam field centers,1153,1747,Fine-medium sandstone with shale interbeds,2201.0,14.98,PHPA Water-Based Mud,2.7,267.4,49.1,Synthetic - not an Oil India operational record,NWIS-SYNTH-V3-CORRECTED
OIL-HPJ-005,OIL-ASM-000055,Hapjan-005,Hapjan,HPJ,Assam-Arakan,Tinsukia,Assam,OALP-III-07,Oil India Limited (Synthetic),27.341991,95.206893,Barail,BAR,3097,3125,3080,Exploration,Vertical,OIL Rig-20,OALP,1999-08-16,2000-01-08,Historical,Moderate,POINT(95.206893 27.341991),Synthetic around public Upper Assam field centers,1477,2635,Fine sandstone with carbonaceous shale,3494.9,15.15,PHPA Water-Based Mud,4.1,37.2,53.8,Synthetic - not an Oil India operational record,NWIS-SYNTH-V3-CORRECTED
OIL-DRK-005,OIL-ASM-000056,Dirok-005,Dirok,DRK,Assam-Arakan,Dibrugarh,Assam,OALP-III-08,Oil India Limited (Synthetic),27.23349,95.269978,Tipam,TIP,2678,2709,2662,Exploration,Directional,OIL Rig-16,OALP,2010-05-12,2010-07-29,Historical,Moderate,POINT(95.269978 27.23349),Synthetic around public Upper Assam field centers,1409,2231,Sandstone-siltstone sequence,2844.2,14.86,Low-Solids WBM,27.9,44.4,48.2,Synthetic - not an Oil India operational record,NWIS-SYNTH-V3-CORRECTED
OIL-BGJ-005,OIL-ASM-000057,Baghjan-005,Baghjan,BGJ,Assam-Arakan,Tinsukia,Assam,OALP-IV-03,Oil India Limited (Synthetic),27.503488,95.46329,Tipam,TIP,2226,2232,2218,Development,Vertical,OIL Rig-18,OALP,2005-10-18,2005-12-29,Completed,Low,POINT(95.46329 27.503488),Synthetic around public Upper Assam field centers,1018,1645,Fluvial sandstone with clay streaks,1975.1,14.94,Low-Solids WBM,0.9,305.0,34.4,Synthetic - not an Oil India operational record,NWIS-SYNTH-V3-CORRECTED
OIL-BRH-005,OIL-ASM-000058,Borholla-005,Borholla,BRH,Assam-Arakan,Jorhat,Assam,PEL-ASSAM-07,Oil India Limited (Synthetic),26.744174,94.321206,Girujan,GRJ,2263,2279,2241,Appraisal,Vertical,OIL Rig-20,PEL,2009-12-01,2010-05-10,Completed,Low,POINT(94.321206 26.744174),Synthetic around public Upper Assam field centers,1056,1916,Silty shale with sandstone lenses,2199.1,14.83,PHPA Water-Based Mud,2.6,108.7,35.5,Synthetic - not an Oil India operational record,NWIS-SYNTH-V3-CORRECTED
OIL-CHR-005,OIL-ASM-000059,Charali-005,Charali,CHR,Assam-Arakan,Biswanath,Assam,PEL-ASSAM-08,Oil India Limited (Synthetic),27.004571,93.970499,Tipam,TIP,2812,2828,2791,Development,Vertical,OIL Rig-10,PEL,2016-03-13,2016-07-31,Historical,Moderate,POINT(93.970499 27.004571),Synthetic around public Upper Assam field centers,1247,2145,Fluvial sandstone with clay streaks,2620.6,14.75,PHPA Water-Based Mud,0.9,274.2,53.3,Synthetic - not an Oil India operational record,NWIS-SYNTH-V3-CORRECTED
OIL-KMC-005,OIL-ASM-000060,Kumchai-005,Kumchai,KMC,Assam-Arakan,Tinsukia,Assam,OALP-IV-04,Oil India Limited (Synthetic),27.417689,95.369017,Lakadong+Therria,LKT,3723,3735,3715,Development,Vertical,OIL Rig-08,OALP,2016-12-27,2017-03-05,Completed,Moderate,POINT(95.369017 27.417689),Synthetic around public Upper Assam field centers,2194,3403,Sandstone with carbonaceous interbeds,4224.5,14.6,Glycol-PHPA WBM,4.7,309.7,53.2,Synthetic - not an Oil India operational record,NWIS-SYNTH-V3-CORRECTED
OIL-DGB-006,OIL-ASM-000061,Digboi-006,Digboi,DGB,Assam-Arakan,Tinsukia,Assam,PEL-ASSAM-01,Oil India Limited (Synthetic),27.362634,95.640047,Tipam,TIP,2241,2248,2223,Appraisal,Vertical,OIL Rig-14,PEL,2002-06-15,2002-12-06,Historical,Moderate,POINT(95.640047 27.362634),Synthetic around public Upper Assam field centers,1050,1560,Sandstone-siltstone sequence,2051.9,15.1,Low-Solids WBM,1.3,134.8,47.1,Synthetic - not an Oil India operational record,NWIS-SYNTH-V3-CORRECTED
OIL-NHK-006,OIL-ASM-000062,Nahorkatiya-006,Nahorkatiya,NHK,Assam-Arakan,Dibrugarh,Assam,PEL-ASSAM-02,Oil India Limited (Synthetic),27.258508,95.304619,Tipam,TIP,2635,2660,2617,Exploration,Directional,OIL Rig-08,PEL,1999-03-30,1999-06-03,Abandoned,Moderate,POINT(95.304619 27.258508),Synthetic around public Upper Assam field centers,1160,1977,Fluvial sandstone with clay streaks,2423.0,14.54,Low-Solids WBM,28.3,274.4,50.8,Synthetic - not an Oil India operational record,NWIS-SYNTH-V3-CORRECTED
OIL-MRN-006,OIL-ASM-000063,Moran-006,Moran,MRN,Assam-Arakan,Dibrugarh,Assam,PEL-ASSAM-03,Oil India Limited (Synthetic),27.171462,94.925085,Kopili,KOP,3351,3368,3339,Appraisal,Vertical,OIL Rig-05,PEL,2013-02-27,2013-04-29,Completed,Critical,POINT(94.925085 27.171462),Synthetic around public Upper Assam field centers,1517,2321,Calcareous shale and siltstone,3127.2,15.02,KCl Polymer WBM,1.0,229.7,65.4,Synthetic - not an Oil India operational record,NWIS-SYNTH-V3-CORRECTED
OIL-LKW-006,OIL-ASM-000064,Lakwa-006,Lakwa,LKW,Assam-Arakan,Charaideo,Assam,PEL-ASSAM-04,Oil India Limited (Synthetic),26.945027,94.776103,Kopili,KOP,3555,3560,3548,Appraisal,Directional,OIL Rig-05,PEL,2003-12-16,2004-03-23,Historical,Critical,POINT(94.776103 26.945027),Synthetic around public Upper Assam field centers,1829,2879,Shale-dominant interval with thin sandstone,3742.5,15.22,Glycol-PHPA WBM,20.4,333.6,66.9,Synthetic - not an Oil India operational record,NWIS-SYNTH-V3-CORRECTED
OIL-GLK-006,OIL-ASM-000065,Geleki-006,Geleki,GLK,Assam-Arakan,Charaideo,Assam,PEL-ASSAM-05,Oil India Limited (Synthetic),26.789186,94.614941,Girujan,GRJ,2265,2278,2250,Development,Vertical,OIL Rig-05,PEL,2007-03-12,2007-08-13,Historical,Low,POINT(94.614941 26.789186),Synthetic around public Upper Assam field centers,1398,2202,Claystone-sandstone alternation,2812.9,14.72,KCl Polymer WBM,3.7,196.9,41.6,Synthetic - not an Oil India operational record,NWIS-SYNTH-V3-CORRECTED
OIL-RDS-006,OIL-ASM-000066,Rudrasagar-006,Rudrasagar,RDS,Assam-Arakan,Sivasagar,Assam,PEL-ASSAM-06,Oil India Limited (Synthetic),26.88933,94.605802,Tipam,TIP,2204,2236,2179,Development,Deviated,OIL Rig-16,PEL,1999-05-05,1999-08-07,Completed,Moderate,POINT(94.605802 26.88933),Synthetic around public Upper Assam field centers,1076,1714,Fine-medium sandstone with shale interbeds,2203.7,15.29,Glycol-PHPA WBM,9.6,310.1,48.8,Synthetic - not an Oil India operational record,NWIS-SYNTH-V3-CORRECTED
OIL-HPJ-006,OIL-ASM-000067,Hapjan-006,Hapjan,HPJ,Assam-Arakan,Tinsukia,Assam,OALP-III-07,Oil India Limited (Synthetic),27.350468,95.239462,Girujan,GRJ,2357,2373,2350,Development,Directional,OIL Rig-08,OALP,2014-05-09,2014-07-18,Completed,Moderate,POINT(95.239462 27.350468),Synthetic around public Upper Assam field centers,1401,2030,Argillaceous sandstone and shale,2712.1,14.17,KCl Polymer WBM,18.8,87.9,55.7,Synthetic - not an Oil India operational record,NWIS-SYNTH-V3-CORRECTED
OIL-DRK-006,OIL-ASM-000068,Dirok-006,Dirok,DRK,Assam-Arakan,Dibrugarh,Assam,OALP-III-08,Oil India Limited (Synthetic),27.234532,95.283037,Girujan,GRJ,2116,2139,2108,Development,Directional,OIL Rig-05,OALP,2007-09-24,2008-01-06,Historical,Low,POINT(95.283037 27.234532),Synthetic around public Upper Assam field centers,1201,1724,Argillaceous sandstone and shale,2310.8,14.69,Low-Solids WBM,18.3,89.7,39.2,Synthetic - not an Oil India operational record,NWIS-SYNTH-V3-CORRECTED
OIL-BGJ-006,OIL-ASM-000069,Baghjan-006,Baghjan,BGJ,Assam-Arakan,Tinsukia,Assam,OALP-IV-03,Oil India Limited (Synthetic),27.457632,95.498258,Barail,BAR,3121,3145,3101,Development,Vertical,OIL Rig-10,OALP,2003-11-13,2004-01-07,Completed,High,POINT(95.498258 27.457632),Synthetic around public Upper Assam field centers,1781,2941,Sandstone-shale-coal sequence,3598.5,14.94,Glycol-PHPA WBM,5.1,318.7,58.6,Synthetic - not an Oil India operational record,NWIS-SYNTH-V3-CORRECTED
OIL-BRH-006,OIL-ASM-000070,Borholla-006,Borholla,BRH,Assam-Arakan,Jorhat,Assam,PEL-ASSAM-07,Oil India Limited (Synthetic),26.738219,94.370895,Girujan,GRJ,1827,1845,1821,Development,Directional,OIL Rig-20,PEL,2007-03-10,2007-05-15,Completed,Moderate,POINT(94.370895 26.738219),Synthetic around public Upper Assam field centers,1093,1759,Claystone-sandstone alternation,2067.9,14.18,KCl Polymer WBM,14.4,160.7,46.6,Synthetic - not an Oil India operational record,NWIS-SYNTH-V3-CORRECTED
OIL-CHR-006,OIL-ASM-000071,Charali-006,Charali,CHR,Assam-Arakan,Biswanath,Assam,PEL-ASSAM-08,Oil India Limited (Synthetic),26.977243,93.985771,Girujan,GRJ,2348,2379,2326,Exploration,Vertical,OIL Rig-18,PEL,2005-01-29,2005-05-04,Historical,Moderate,POINT(93.985771 26.977243),Synthetic around public Upper Assam field centers,1395,1986,Argillaceous sandstone and shale,2568.3,14.12,Glycol-PHPA WBM,5.4,309.7,47.2,Synthetic - not an Oil India operational record,NWIS-SYNTH-V3-CORRECTED
OIL-KMC-006,OIL-ASM-000072,Kumchai-006,Kumchai,KMC,Assam-Arakan,Tinsukia,Assam,OALP-IV-04,Oil India Limited (Synthetic),27.442641,95.419502,Barail,BAR,2556,2583,2549,Appraisal,Directional,OIL Rig-10,OALP,2024-05-30,2024-09-05,Historical,Moderate,POINT(95.419502 27.442641),Synthetic around public Upper Assam field centers,1152,2122,Interbedded sandstone and shale,2602.3,14.92,PHPA Water-Based Mud,17.1,178.4,46.4,Synthetic - not an Oil India operational record,NWIS-SYNTH-V3-CORRECTED
OIL-DGB-007,OIL-ASM-000073,Digboi-007,Digboi,DGB,Assam-Arakan,Tinsukia,Assam,PEL-ASSAM-01,Oil India Limited (Synthetic),27.41845,95.597362,Barail,BAR,2718,2739,2705,Development,Vertical,OIL Rig-16,PEL,2013-10-02,2014-02-12,Historical,Moderate,POINT(95.597362 27.41845),Synthetic around public Upper Assam field centers,1249,1928,Interbedded sandstone and shale,2434.1,15.6,PHPA Water-Based Mud,4.3,118.1,49.2,Synthetic - not an Oil India operational record,NWIS-SYNTH-V3-CORRECTED
OIL-NHK-007,OIL-ASM-000074,Nahorkatiya-007,Nahorkatiya,NHK,Assam-Arakan,Dibrugarh,Assam,PEL-ASSAM-02,Oil India Limited (Synthetic),27.307303,95.315411,Girujan,GRJ,2043,2062,2034,Appraisal,Vertical,OIL Rig-18,PEL,2002-04-29,2002-06-22,Historical,Low,POINT(95.315411 27.307303),Synthetic around public Upper Assam field centers,1220,1840,Claystone-sandstone alternation,2388.2,14.55,Low-Solids WBM,5.1,259.1,34.7,Synthetic - not an Oil India operational record,NWIS-SYNTH-V3-CORRECTED
OIL-MRN-007,OIL-ASM-000075,Moran-007,Moran,MRN,Assam-Arakan,Dibrugarh,Assam,PEL-ASSAM-03,Oil India Limited (Synthetic),27.167632,94.895012,Girujan,GRJ,2109,2126,2095,Exploration,Vertical,OIL Rig-05,PEL,2003-09-09,2004-02-17,Historical,Moderate,POINT(94.895012 27.167632),Synthetic around public Upper Assam field centers,1156,1922,Claystone-sandstone alternation,2193.3,14.29,Low-Solids WBM,0.3,127.2,44.4,Synthetic - not an Oil India operational record,NWIS-SYNTH-V3-CORRECTED
OIL-LKW-007,OIL-ASM-000076,Lakwa-007,Lakwa,LKW,Assam-Arakan,Charaideo,Assam,PEL-ASSAM-04,Oil India Limited (Synthetic),26.936533,94.786509,Tipam,TIP,2466,2477,2447,Development,Directional,OIL Rig-05,PEL,2001-10-03,2001-11-23,Historical,Moderate,POINT(94.786509 26.936533),Synthetic around public Upper Assam field centers,1378,1972,Fluvial sandstone with clay streaks,2529.4,14.53,PHPA Water-Based Mud,26.1,152.2,55.1,Synthetic - not an Oil India operational record,NWIS-SYNTH-V3-CORRECTED
OIL-GLK-007,OIL-ASM-000077,Geleki-007,Geleki,GLK,Assam-Arakan,Charaideo,Assam,PEL-ASSAM-05,Oil India Limited (Synthetic),26.801604,94.591433,Girujan,GRJ,2024,2039,2019,Development,Vertical,OIL Rig-08,PEL,2017-03-14,2017-08-30,Completed,Low,POINT(94.591433 26.801604),Synthetic around public Upper Assam field centers,893,1598,Silty shale with sandstone lenses,1830.8,14.55,PHPA Water-Based Mud,3.3,121.2,28.7,Synthetic - not an Oil India operational record,NWIS-SYNTH-V3-CORRECTED
OIL-RDS-007,OIL-ASM-000078,Rudrasagar-007,Rudrasagar,RDS,Assam-Arakan,Sivasagar,Assam,PEL-ASSAM-06,Oil India Limited (Synthetic),26.934644,94.588288,Barail,BAR,3310,3332,3299,Development,Vertical,OIL Rig-20,PEL,2000-08-25,2000-12-16,Completed,Moderate,POINT(94.588288 26.934644),Synthetic around public Upper Assam field centers,1925,3107,Sandstone-shale-coal sequence,4225.8,14.99,Low-Solids WBM,4.6,26.9,53.6,Synthetic - not an Oil India operational record,NWIS-SYNTH-V3-CORRECTED
OIL-HPJ-007,OIL-ASM-000079,Hapjan-007,Hapjan,HPJ,Assam-Arakan,Tinsukia,Assam,OALP-III-07,Oil India Limited (Synthetic),27.310221,95.242822,Girujan,GRJ,2044,2054,2029,Development,Vertical,OIL Rig-05,OALP,1999-04-17,1999-09-23,Historical,Low,POINT(95.242822 27.310221),Synthetic around public Upper Assam field centers,1077,1805,Claystone-sandstone alternation,2084.9,14.88,KCl Polymer WBM,5.1,121.0,36.4,Synthetic - not an Oil India operational record,NWIS-SYNTH-V3-CORRECTED
OIL-DRK-007,OIL-ASM-000080,Dirok-007,Dirok,DRK,Assam-Arakan,Dibrugarh,Assam,OALP-III-08,Oil India Limited (Synthetic),27.26278,95.253915,Tipam,TIP,2469,2483,2449,Development,Directional,OIL Rig-16,OALP,2017-10-31,2018-01-31,Completed,High,POINT(95.253915 27.26278),Synthetic around public Upper Assam field centers,1238,2024,Fluvial sandstone with clay streaks,2365.9,15.12,Low-Solids WBM,18.4,107.0,57.5,Synthetic - not an Oil India operational record,NWIS-SYNTH-V3-CORRECTED
OIL-BGJ-007,OIL-ASM-000081,Baghjan-007,Baghjan,BGJ,Assam-Arakan,Tinsukia,Assam,OALP-IV-03,Oil India Limited (Synthetic),27.498432,95.46081,Tipam,TIP,2567,2585,2556,Observation,Directional,OIL Rig-16,OALP,2014-03-30,2014-06-30,Historical,Moderate,POINT(95.46081 27.498432),Synthetic around public Upper Assam field centers,1607,2235,Sandstone-siltstone sequence,2905.1,14.47,Low-Solids WBM,28.9,303.2,46.2,Synthetic - not an Oil India operational record,NWIS-SYNTH-V3-CORRECTED
OIL-BRH-007,OIL-ASM-000082,Borholla-007,Borholla,BRH,Assam-Arakan,Jorhat,Assam,PEL-ASSAM-07,Oil India Limited (Synthetic),26.735979,94.368554,Lakadong+Therria,LKT,3278,3297,3262,Development,Directional,OIL Rig-08,PEL,2017-05-06,2017-07-07,Historical,Moderate,POINT(94.368554 26.735979),Synthetic around public Upper Assam field centers,1732,2671,Sandstone with carbonaceous interbeds,3170.9,14.63,PHPA Water-Based Mud,28.2,86.3,54.1,Synthetic - not an Oil India operational record,NWIS-SYNTH-V3-CORRECTED
OIL-CHR-007,OIL-ASM-000083,Charali-007,Charali,CHR,Assam-Arakan,Biswanath,Assam,PEL-ASSAM-08,Oil India Limited (Synthetic),26.973895,93.99131,Tipam,TIP,2601,2628,2576,Development,Directional,OIL Rig-18,PEL,2020-04-17,2020-06-18,Abandoned,Moderate,POINT(93.99131 26.973895),Synthetic around public Upper Assam field centers,1267,1875,Fluvial sandstone with clay streaks,2312.6,14.95,KCl Polymer WBM,18.4,191.4,47.9,Synthetic - not an Oil India operational record,NWIS-SYNTH-V3-CORRECTED
OIL-KMC-007,OIL-ASM-000084,Kumchai-007,Kumchai,KMC,Assam-Arakan,Tinsukia,Assam,OALP-IV-04,Oil India Limited (Synthetic),27.470883,95.3816,Girujan,GRJ,1861,1886,1853,Exploration,Directional,OIL Rig-18,OALP,2013-04-04,2013-06-15,Historical,Low,POINT(95.3816 27.470883),Synthetic around public Upper Assam field centers,1016,1611,Claystone-sandstone alternation,2066.4,14.44,KCl Polymer WBM,36.2,130.7,32.0,Synthetic - not an Oil India operational record,NWIS-SYNTH-V3-CORRECTED
OIL-DGB-008,OIL-ASM-000085,Digboi-008,Digboi,DGB,Assam-Arakan,Tinsukia,Assam,PEL-ASSAM-01,Oil India Limited (Synthetic),27.384348,95.654389,Barail,BAR,2956,2988,2935,Exploration,Directional,OIL Rig-18,PEL,2005-04-04,2005-07-17,Historical,High,POINT(95.654389 27.384348),Synthetic around public Upper Assam field centers,1539,2430,Fine sandstone with carbonaceous shale,3206.1,14.94,KCl Polymer WBM,26.4,295.1,58.2,Synthetic - not an Oil India operational record,NWIS-SYNTH-V3-CORRECTED
OIL-NHK-008,OIL-ASM-000086,Nahorkatiya-008,Nahorkatiya,NHK,Assam-Arakan,Dibrugarh,Assam,PEL-ASSAM-02,Oil India Limited (Synthetic),27.323784,95.297743,Kopili,KOP,3243,3270,3224,Development,Deviated,OIL Rig-16,PEL,2019-09-11,2020-02-02,Historical,High,POINT(95.297743 27.323784),Synthetic around public Upper Assam field centers,1780,2729,Calcareous shale and siltstone,3524.1,15.18,Low-Solids WBM,13.1,47.4,59.1,Synthetic - not an Oil India operational record,NWIS-SYNTH-V3-CORRECTED
OIL-MRN-008,OIL-ASM-000087,Moran-008,Moran,MRN,Assam-Arakan,Dibrugarh,Assam,PEL-ASSAM-03,Oil India Limited (Synthetic),27.179236,94.912623,Girujan,GRJ,2334,2358,2326,Development,Vertical,OIL Rig-08,PEL,2000-02-13,2000-07-10,Completed,Low,POINT(94.912623 27.179236),Synthetic around public Upper Assam field centers,1150,1899,Silty shale with sandstone lenses,2278.6,14.75,Low-Solids WBM,5.0,340.2,37.0,Synthetic - not an Oil India operational record,NWIS-SYNTH-V3-CORRECTED
OIL-LKW-008,OIL-ASM-000088,Lakwa-008,Lakwa,LKW,Assam-Arakan,Charaideo,Assam,PEL-ASSAM-04,Oil India Limited (Synthetic),26.894801,94.760384,Kopili,KOP,3374,3398,3358,Development,Vertical,OIL Rig-12,PEL,2020-04-16,2020-10-11,Historical,Moderate,POINT(94.760384 26.894801),Synthetic around public Upper Assam field centers,1718,2909,Calcareous shale and siltstone,3976.7,15.97,KCl Polymer WBM,3.2,42.5,44.4,Synthetic - not an Oil India operational record,NWIS-SYNTH-V3-CORRECTED
OIL-GLK-008,OIL-ASM-000089,Geleki-008,Geleki,GLK,Assam-Arakan,Charaideo,Assam,PEL-ASSAM-05,Oil India Limited (Synthetic),26.806327,94.581354,Tipam,TIP,2284,2306,2267,Development,Vertical,OIL Rig-10,PEL,2014-03-19,2014-06-24,Historical,Moderate,POINT(94.581354 26.806327),Synthetic around public Upper Assam field centers,1258,1980,Sandstone-siltstone sequence,2382.8,14.82,Glycol-PHPA WBM,2.4,209.7,44.3,Synthetic - not an Oil India operational record,NWIS-SYNTH-V3-CORRECTED
OIL-RDS-008,OIL-ASM-000090,Rudrasagar-008,Rudrasagar,RDS,Assam-Arakan,Sivasagar,Assam,PEL-ASSAM-06,Oil India Limited (Synthetic),26.89174,94.615582,Girujan,GRJ,2236,2246,2220,Appraisal,Directional,OIL Rig-16,PEL,2015-05-19,2015-09-26,Historical,Moderate,POINT(94.615582 26.89174),Synthetic around public Upper Assam field centers,1333,2088,Claystone-sandstone alternation,2445.6,14.93,KCl Polymer WBM,32.3,322.9,43.4,Synthetic - not an Oil India operational record,NWIS-SYNTH-V3-CORRECTED
OIL-HPJ-008,OIL-ASM-000091,Hapjan-008,Hapjan,HPJ,Assam-Arakan,Tinsukia,Assam,OALP-III-07,Oil India Limited (Synthetic),27.355519,95.245909,Girujan,GRJ,1835,1864,1831,Exploration,Vertical,OIL Rig-18,OALP,2020-09-29,2021-03-23,Completed,Low,POINT(95.245909 27.355519),Synthetic around public Upper Assam field centers,1107,1813,Claystone-sandstone alternation,2283.5,15.14,PHPA Water-Based Mud,3.6,139.2,35.7,Synthetic - not an Oil India operational record,NWIS-SYNTH-V3-CORRECTED
OIL-DRK-008,OIL-ASM-000092,Dirok-008,Dirok,DRK,Assam-Arakan,Dibrugarh,Assam,OALP-III-08,Oil India Limited (Synthetic),27.264495,95.250412,Girujan,GRJ,2233,2265,2226,Appraisal,Vertical,OIL Rig-20,OALP,2015-08-16,2015-11-09,Historical,Low,POINT(95.250412 27.264495),Synthetic around public Upper Assam field centers,1094,1922,Argillaceous sandstone and shale,2156.0,14.65,KCl Polymer WBM,4.4,158.4,39.2,Synthetic - not an Oil India operational record,NWIS-SYNTH-V3-CORRECTED
OIL-BGJ-008,OIL-ASM-000093,Baghjan-008,Baghjan,BGJ,Assam-Arakan,Tinsukia,Assam,OALP-IV-03,Oil India Limited (Synthetic),27.497876,95.502491,Tipam,TIP,2590,2612,2585,Appraisal,Vertical,OIL Rig-14,OALP,2010-01-08,2010-04-25,Historical,Low,POINT(95.502491 27.497876),Synthetic around public Upper Assam field centers,1123,2074,Fine-medium sandstone with shale interbeds,2458.2,14.08,KCl Polymer WBM,5.3,12.7,36.0,Synthetic - not an Oil India operational record,NWIS-SYNTH-V3-CORRECTED
OIL-BRH-008,OIL-ASM-000094,Borholla-008,Borholla,BRH,Assam-Arakan,Jorhat,Assam,PEL-ASSAM-07,Oil India Limited (Synthetic),26.784154,94.343758,Girujan,GRJ,1949,1955,1930,Development,Vertical,OIL Rig-14,PEL,2019-04-18,2019-09-17,Completed,Low,POINT(94.343758 26.784154),Synthetic around public Upper Assam field centers,1094,1713,Silty shale with sandstone lenses,2026.3,14.15,Low-Solids WBM,5.6,213.9,34.8,Synthetic - not an Oil India operational record,NWIS-SYNTH-V3-CORRECTED
OIL-CHR-008,OIL-ASM-000095,Charali-008,Charali,CHR,Assam-Arakan,Biswanath,Assam,PEL-ASSAM-08,Oil India Limited (Synthetic),26.981096,94.009317,Barail,BAR,2915,2928,2895,Development,Vertical,OIL Rig-10,PEL,2015-01-25,2015-05-16,Abandoned,Low,POINT(94.009317 26.981096),Synthetic around public Upper Assam field centers,1796,2600,Sandstone-shale-coal sequence,3364.3,15.11,Glycol-PHPA WBM,2.4,301.3,40.1,Synthetic - not an Oil India operational record,NWIS-SYNTH-V3-CORRECTED
OIL-KMC-008,OIL-ASM-000096,Kumchai-008,Kumchai,KMC,Assam-Arakan,Tinsukia,Assam,OALP-IV-04,Oil India Limited (Synthetic),27.461302,95.418742,Girujan,GRJ,2181,2196,2178,Appraisal,Directional,OIL Rig-18,OALP,2024-03-26,2024-07-24,Completed,Moderate,POINT(95.418742 27.461302),Synthetic around public Upper Assam field centers,1264,1855,Argillaceous sandstone and shale,2368.0,14.48,KCl Polymer WBM,39.2,317.8,45.2,Synthetic - not an Oil India operational record,NWIS-SYNTH-V3-CORRECTED
OIL-DGB-009,OIL-ASM-000097,Digboi-009,Digboi,DGB,Assam-Arakan,Tinsukia,Assam,PEL-ASSAM-01,Oil India Limited (Synthetic),27.377314,95.6088,Girujan,GRJ,2124,2155,2106,Exploration,Vertical,OIL Rig-18,PEL,2005-03-01,2005-04-29,Historical,Low,POINT(95.6088 27.377314),Synthetic around public Upper Assam field centers,1304,1806,Silty shale with sandstone lenses,2274.4,14.09,Low-Solids WBM,2.5,125.8,32.9,Synthetic - not an Oil India operational record,NWIS-SYNTH-V3-CORRECTED
OIL-NHK-009,OIL-ASM-000098,Nahorkatiya-009,Nahorkatiya,NHK,Assam-Arakan,Dibrugarh,Assam,PEL-ASSAM-02,Oil India Limited (Synthetic),27.31453,95.3005,Tipam,TIP,2522,2536,2517,Exploration,Directional,OIL Rig-14,PEL,2023-10-06,2023-12-23,Completed,Moderate,POINT(95.3005 27.31453),Synthetic around public Upper Assam field centers,1190,2007,Fine-medium sandstone with shale interbeds,2603.7,14.98,Glycol-PHPA WBM,33.4,1.7,54.8,Synthetic - not an Oil India operational record,NWIS-SYNTH-V3-CORRECTED
OIL-MRN-009,OIL-ASM-000099,Moran-009,Moran,MRN,Assam-Arakan,Dibrugarh,Assam,PEL-ASSAM-03,Oil India Limited (Synthetic),27.16331,94.942312,Lakadong+Therria,LKT,3762,3770,3737,Exploration,Deviated,OIL Rig-14,PEL,2005-02-08,2005-06-13,Historical,Critical,POINT(94.942312 27.16331),Synthetic around public Upper Assam field centers,2190,3040,Sandstone with carbonaceous interbeds,3913.6,14.43,KCl Polymer WBM,8.0,310.6,64.0,Synthetic - not an Oil India operational record,NWIS-SYNTH-V3-CORRECTED
OIL-LKW-009,OIL-ASM-000100,Lakwa-009,Lakwa,LKW,Assam-Arakan,Charaideo,Assam,PEL-ASSAM-04,Oil India Limited (Synthetic),26.908585,94.771895,Girujan,GRJ,2320,2345,2295,Appraisal,Vertical,OIL Rig-20,PEL,2002-11-05,2003-01-26,Historical,Low,POINT(94.771895 26.908585),Synthetic around public Upper Assam field centers,1026,1757,Silty shale with sandstone lenses,2050.2,14.55,PHPA Water-Based Mud,4.5,33.9,36.8,Synthetic - not an Oil India operational record,NWIS-SYNTH-V3-CORRECTED
OIL-GLK-009,OIL-ASM-000101,Geleki-009,Geleki,GLK,Assam-Arakan,Charaideo,Assam,PEL-ASSAM-05,Oil India Limited (Synthetic),26.77778,94.613586,Tipam,TIP,2192,2211,2171,Exploration,Vertical,OIL Rig-08,PEL,2004-11-21,2005-02-25,Historical,Low,POINT(94.613586 26.77778),Synthetic around public Upper Assam field centers,1177,1996,Fine-medium sandstone with shale interbeds,2511.8,14.44,Low-Solids WBM,5.1,52.9,42.1,Synthetic - not an Oil India operational record,NWIS-SYNTH-V3-CORRECTED
OIL-RDS-009,OIL-ASM-000102,Rudrasagar-009,Rudrasagar,RDS,Assam-Arakan,Sivasagar,Assam,PEL-ASSAM-06,Oil India Limited (Synthetic),26.895499,94.625819,Barail,BAR,2691,2696,2667,Development,Vertical,OIL Rig-14,PEL,2017-08-20,2017-12-12,Completed,Moderate,POINT(94.625819 26.895499),Synthetic around public Upper Assam field centers,1372,1979,Sandstone-shale-coal sequence,2642.6,15.09,KCl Polymer WBM,2.4,99.3,54.4,Synthetic - not an Oil India operational record,NWIS-SYNTH-V3-CORRECTED
OIL-HPJ-009,OIL-ASM-000103,Hapjan-009,Hapjan,HPJ,Assam-Arakan,Tinsukia,Assam,OALP-III-07,Oil India Limited (Synthetic),27.313885,95.252527,Girujan,GRJ,2380,2406,2364,Development,Directional,OIL Rig-16,OALP,2017-08-06,2017-10-07,Historical,Low,POINT(95.252527 27.313885),Synthetic around public Upper Assam field centers,1133,1990,Argillaceous sandstone and shale,2250.7,14.1,KCl Polymer WBM,16.6,42.1,38.0,Synthetic - not an Oil India operational record,NWIS-SYNTH-V3-CORRECTED
OIL-DRK-009,OIL-ASM-000104,Dirok-009,Dirok,DRK,Assam-Arakan,Dibrugarh,Assam,OALP-III-08,Oil India Limited (Synthetic),27.25919,95.290092,Tipam,TIP,2680,2693,2663,Exploration,Directional,OIL Rig-16,OALP,2016-04-06,2016-07-27,Historical,Low,POINT(95.290092 27.25919),Synthetic around public Upper Assam field centers,1464,2337,Fine-medium sandstone with shale interbeds,2965.5,14.65,Low-Solids WBM,29.3,260.7,40.2,Synthetic - not an Oil India operational record,NWIS-SYNTH-V3-CORRECTED
OIL-BGJ-009,OIL-ASM-000105,Baghjan-009,Baghjan,BGJ,Assam-Arakan,Tinsukia,Assam,OALP-IV-03,Oil India Limited (Synthetic),27.482841,95.445661,Kopili,KOP,3007,3016,2996,Exploration,Vertical,OIL Rig-14,OALP,2021-03-10,2021-08-04,Historical,High,POINT(95.445661 27.482841),Synthetic around public Upper Assam field centers,1778,2866,Compact shale with sandstone streaks,3999.8,15.43,PHPA Water-Based Mud,1.5,223.2,59.3,Synthetic - not an Oil India operational record,NWIS-SYNTH-V3-CORRECTED
OIL-BRH-009,OIL-ASM-000106,Borholla-009,Borholla,BRH,Assam-Arakan,Jorhat,Assam,PEL-ASSAM-07,Oil India Limited (Synthetic),26.728848,94.329581,Barail,BAR,2748,2764,2741,Development,Vertical,OIL Rig-10,PEL,2014-02-25,2014-05-09,Historical,Moderate,POINT(94.329581 26.728848),Synthetic around public Upper Assam field centers,1432,2058,Sandstone-shale-coal sequence,2685.3,15.72,Low-Solids WBM,0.4,299.3,45.6,Synthetic - not an Oil India operational record,NWIS-SYNTH-V3-CORRECTED
OIL-CHR-009,OIL-ASM-000107,Charali-009,Charali,CHR,Assam-Arakan,Biswanath,Assam,PEL-ASSAM-08,Oil India Limited (Synthetic),26.986266,93.946511,Barail,BAR,2873,2887,2850,Exploration,Directional,OIL Rig-12,PEL,2022-09-12,2022-11-22,Completed,High,POINT(93.946511 26.986266),Synthetic around public Upper Assam field centers,1632,2653,Interbedded sandstone and shale,3291.0,14.6,Low-Solids WBM,26.5,335.3,59.2,Synthetic - not an Oil India operational record,NWIS-SYNTH-V3-CORRECTED
OIL-KMC-009,OIL-ASM-000108,Kumchai-009,Kumchai,KMC,Assam-Arakan,Tinsukia,Assam,OALP-IV-04,Oil India Limited (Synthetic),27.462304,95.370973,Tipam,TIP,2577,2594,2571,Development,Directional,OIL Rig-18,OALP,1999-09-05,1999-11-09,Abandoned,Moderate,POINT(95.370973 27.462304),Synthetic around public Upper Assam field centers,1426,2124,Fluvial sandstone with clay streaks,2886.1,14.86,Glycol-PHPA WBM,35.5,310.4,47.3,Synthetic - not an Oil India operational record,NWIS-SYNTH-V3-CORRECTED
OIL-DGB-010,OIL-ASM-000109,Digboi-010,Digboi,DGB,Assam-Arakan,Tinsukia,Assam,PEL-ASSAM-01,Oil India Limited (Synthetic),27.369577,95.615903,Tipam,TIP,2509,2527,2487,Development,Directional,OIL Rig-20,PEL,2015-04-26,2015-08-22,Historical,Moderate,POINT(95.615903 27.369577),Synthetic around public Upper Assam field centers,1156,1811,Sandstone-siltstone sequence,2366.8,14.89,Low-Solids WBM,32.4,255.9,51.9,Synthetic - not an Oil India operational record,NWIS-SYNTH-V3-CORRECTED
OIL-NHK-010,OIL-ASM-000110,Nahorkatiya-010,Nahorkatiya,NHK,Assam-Arakan,Dibrugarh,Assam,PEL-ASSAM-02,Oil India Limited (Synthetic),27.315218,95.309046,Barail,BAR,3228,3263,3222,Development,Vertical,OIL Rig-12,PEL,2009-03-24,2009-05-28,Historical,Moderate,POINT(95.309046 27.315218),Synthetic around public Upper Assam field centers,1409,2542,Fine sandstone with carbonaceous shale,3058.6,15.2,Low-Solids WBM,3.4,59.7,48.4,Synthetic - not an Oil India operational record,NWIS-SYNTH-V3-CORRECTED
OIL-MRN-010,OIL-ASM-000111,Moran-010,Moran,MRN,Assam-Arakan,Dibrugarh,Assam,PEL-ASSAM-03,Oil India Limited (Synthetic),27.185137,94.94218,Tipam,TIP,2774,2804,2770,Development,Vertical,OIL Rig-10,PEL,1998-11-24,1999-02-28,Historical,High,POINT(94.94218 27.185137),Synthetic around public Upper Assam field centers,1559,2567,Fluvial sandstone with clay streaks,3339.1,15.0,Glycol-PHPA WBM,4.3,36.6,60.2,Synthetic - not an Oil India operational record,NWIS-SYNTH-V3-CORRECTED
OIL-LKW-010,OIL-ASM-000112,Lakwa-010,Lakwa,LKW,Assam-Arakan,Charaideo,Assam,PEL-ASSAM-04,Oil India Limited (Synthetic),26.904852,94.749403,Tipam,TIP,2678,2693,2661,Development,Vertical,OIL Rig-18,PEL,1999-07-24,1999-11-21,Historical,Moderate,POINT(94.749403 26.904852),Synthetic around public Upper Assam field centers,1548,2546,Fine-medium sandstone with shale interbeds,3175.8,14.85,Glycol-PHPA WBM,0.3,298.1,54.7,Synthetic - not an Oil India operational record,NWIS-SYNTH-V3-CORRECTED
OIL-GLK-010,OIL-ASM-000113,Geleki-010,Geleki,GLK,Assam-Arakan,Charaideo,Assam,PEL-ASSAM-05,Oil India Limited (Synthetic),26.771282,94.61008,Kopili,KOP,3466,3475,3457,Exploration,Directional,OIL Rig-16,PEL,2003-08-20,2003-11-03,Historical,Moderate,POINT(94.61008 26.771282),Synthetic around public Upper Assam field centers,1865,2663,Calcareous shale and siltstone,3941.7,15.71,Glycol-PHPA WBM,22.7,155.7,48.6,Synthetic - not an Oil India operational record,NWIS-SYNTH-V3-CORRECTED
OIL-RDS-010,OIL-ASM-000114,Rudrasagar-010,Rudrasagar,RDS,Assam-Arakan,Sivasagar,Assam,PEL-ASSAM-06,Oil India Limited (Synthetic),26.890051,94.62406,Girujan,GRJ,2140,2163,2119,Exploration,Directional,OIL Rig-16,PEL,2013-01-20,2013-05-28,Historical,Low,POINT(94.62406 26.890051),Synthetic around public Upper Assam field centers,1135,1754,Argillaceous sandstone and shale,2103.0,14.22,PHPA Water-Based Mud,27.5,125.7,36.0,Synthetic - not an Oil India operational record,NWIS-SYNTH-V3-CORRECTED
OIL-HPJ-010,OIL-ASM-000115,Hapjan-010,Hapjan,HPJ,Assam-Arakan,Tinsukia,Assam,OALP-III-07,Oil India Limited (Synthetic),27.34537,95.207337,Kopili,KOP,3040,3053,3021,Development,Vertical,OIL Rig-12,OALP,2018-02-06,2018-05-06,Historical,Moderate,POINT(95.207337 27.34537),Synthetic around public Upper Assam field centers,1389,2096,Shale-dominant interval with thin sandstone,2778.5,15.46,KCl Polymer WBM,0.5,149.1,49.0,Synthetic - not an Oil India operational record,NWIS-SYNTH-V3-CORRECTED
OIL-DRK-010,OIL-ASM-000116,Dirok-010,Dirok,DRK,Assam-Arakan,Dibrugarh,Assam,OALP-III-08,Oil India Limited (Synthetic),27.29363,95.306664,Tipam,TIP,2130,2160,2116,Appraisal,Deviated,OIL Rig-12,OALP,2017-09-23,2018-01-31,Historical,Moderate,POINT(95.306664 27.29363),Synthetic around public Upper Assam field centers,1357,2051,Fine-medium sandstone with shale interbeds,2562.2,15.26,Low-Solids WBM,27.7,299.1,45.4,Synthetic - not an Oil India operational record,NWIS-SYNTH-V3-CORRECTED
OIL-BGJ-010,OIL-ASM-000117,Baghjan-010,Baghjan,BGJ,Assam-Arakan,Tinsukia,Assam,OALP-IV-03,Oil India Limited (Synthetic),27.509907,95.485708,Lakadong+Therria,LKT,3975,4010,3962,Appraisal,Vertical,OIL Rig-12,OALP,2015-06-22,2015-10-24,Completed,Moderate,POINT(95.485708 27.509907),Synthetic around public Upper Assam field centers,2354,3860,Sandstone-coal-shale sequence,4651.1,14.85,Low-Solids WBM,5.4,270.8,45.9,Synthetic - not an Oil India operational record,NWIS-SYNTH-V3-CORRECTED
OIL-BRH-010,OIL-ASM-000118,Borholla-010,Borholla,BRH,Assam-Arakan,Jorhat,Assam,PEL-ASSAM-07,Oil India Limited (Synthetic),26.774713,94.336067,Girujan,GRJ,1893,1900,1874,Exploration,Directional,OIL Rig-18,PEL,2021-04-20,2021-09-15,Historical,Moderate,POINT(94.336067 26.774713),Synthetic around public Upper Assam field centers,1027,1717,Argillaceous sandstone and shale,1948.8,14.95,KCl Polymer WBM,34.0,118.9,47.7,Synthetic - not an Oil India operational record,NWIS-SYNTH-V3-CORRECTED
OIL-CHR-010,OIL-ASM-000119,Charali-010,Charali,CHR,Assam-Arakan,Biswanath,Assam,PEL-ASSAM-08,Oil India Limited (Synthetic),26.988645,93.98206,Barail,BAR,3029,3056,3011,Development,Vertical,OIL Rig-08,PEL,2004-05-10,2004-09-04,Historical,High,POINT(93.98206 26.988645),Synthetic around public Upper Assam field centers,1757,2845,Fine sandstone with carbonaceous shale,3818.1,14.47,PHPA Water-Based Mud,4.3,5.7,58.5,Synthetic - not an Oil India operational record,NWIS-SYNTH-V3-CORRECTED
OIL-KMC-010,OIL-ASM-000120,Kumchai-010,Kumchai,KMC,Assam-Arakan,Tinsukia,Assam,OALP-IV-04,Oil India Limited (Synthetic),27.413295,95.376839,Girujan,GRJ,2313,2348,2290,Exploration,Vertical,OIL Rig-20,OALP,2021-12-26,2022-05-12,Historical,Moderate,POINT(95.376839 27.413295),Synthetic around public Upper Assam field centers,1222,1806,Silty shale with sandstone lenses,2383.5,14.39,Glycol-PHPA WBM,1.7,352.3,43.4,Synthetic - not an Oil India operational record,NWIS-SYNTH-V3-CORRECTED
OIL-DGB-011,OIL-ASM-000121,Digboi-011,Digboi,DGB,Assam-Arakan,Tinsukia,Assam,PEL-ASSAM-01,Oil India Limited (Synthetic),27.388916,95.587043,Tipam,TIP,2858,2873,2838,Development,Directional,OIL Rig-05,PEL,2005-06-14,2005-10-28,Abandoned,Moderate,POINT(95.587043 27.388916),Synthetic around public Upper Assam field centers,1378,2445,Fine-medium sandstone with shale interbeds,2803.4,15.44,PHPA Water-Based Mud,18.0,160.1,49.2,Synthetic - not an Oil India operational record,NWIS-SYNTH-V3-CORRECTED
OIL-NHK-011,OIL-ASM-000122,Nahorkatiya-011,Nahorkatiya,NHK,Assam-Arakan,Dibrugarh,Assam,PEL-ASSAM-02,Oil India Limited (Synthetic),27.315488,95.313636,Girujan,GRJ,2337,2369,2324,Appraisal,Directional,OIL Rig-14,PEL,2021-06-03,2021-08-10,Historical,Moderate,POINT(95.313636 27.315488),Synthetic around public Upper Assam field centers,1120,1978,Silty shale with sandstone lenses,2284.8,15.28,KCl Polymer WBM,20.9,31.9,47.0,Synthetic - not an Oil India operational record,NWIS-SYNTH-V3-CORRECTED
OIL-MRN-011,OIL-ASM-000123,Moran-011,Moran,MRN,Assam-Arakan,Dibrugarh,Assam,PEL-ASSAM-03,Oil India Limited (Synthetic),27.196015,94.920521,Tipam,TIP,2134,2155,2120,Development,Deviated,OIL Rig-14,PEL,2014-01-08,2014-06-08,Completed,Moderate,POINT(94.920521 27.196015),Synthetic around public Upper Assam field centers,965,1543,Fluvial sandstone with clay streaks,1924.7,15.37,PHPA Water-Based Mud,26.0,333.0,54.5,Synthetic - not an Oil India operational record,NWIS-SYNTH-V3-CORRECTED
OIL-LKW-011,OIL-ASM-000124,Lakwa-011,Lakwa,LKW,Assam-Arakan,Charaideo,Assam,PEL-ASSAM-04,Oil India Limited (Synthetic),26.932119,94.761193,Tipam,TIP,2700,2729,2694,Development,Directional,OIL Rig-05,PEL,2017-03-25,2017-06-04,Completed,High,POINT(94.761193 26.932119),Synthetic around public Upper Assam field centers,1291,2048,Fine-medium sandstone with shale interbeds,2573.3,14.41,PHPA Water-Based Mud,26.8,52.0,57.3,Synthetic - not an Oil India operational record,NWIS-SYNTH-V3-CORRECTED
OIL-GLK-011,OIL-ASM-000125,Geleki-011,Geleki,GLK,Assam-Arakan,Charaideo,Assam,PEL-ASSAM-05,Oil India Limited (Synthetic),26.756939,94.622622,Girujan,GRJ,1899,1930,1883,Exploration,Vertical,OIL Rig-10,PEL,2008-03-09,2008-06-30,Historical,Low,POINT(94.622622 26.756939),Synthetic around public Upper Assam field centers,858,1477,Argillaceous sandstone and shale,1760.1,14.44,PHPA Water-Based Mud,5.8,232.0,37.1,Synthetic - not an Oil India operational record,NWIS-SYNTH-V3-CORRECTED
OIL-RDS-011,OIL-ASM-000126,Rudrasagar-011,Rudrasagar,RDS,Assam-Arakan,Sivasagar,Assam,PEL-ASSAM-06,Oil India Limited (Synthetic),26.901194,94.644967,Tipam,TIP,2537,2559,2529,Development,Vertical,OIL Rig-20,PEL,2010-12-03,2011-04-16,Completed,Moderate,POINT(94.644967 26.901194),Synthetic around public Upper Assam field centers,1505,2099,Fluvial sandstone with clay streaks,2773.2,14.86,Glycol-PHPA WBM,2.2,157.0,48.5,Synthetic - not an Oil India operational record,NWIS-SYNTH-V3-CORRECTED
OIL-HPJ-011,OIL-ASM-000127,Hapjan-011,Hapjan,HPJ,Assam-Arakan,Tinsukia,Assam,OALP-III-07,Oil India Limited (Synthetic),27.308238,95.208515,Tipam,TIP,2663,2687,2659,Observation,Directional,OIL Rig-14,OALP,2019-01-05,2019-02-25,Historical,Moderate,POINT(95.208515 27.308238),Synthetic around public Upper Assam field centers,1288,2050,Fluvial sandstone with clay streaks,2667.1,15.53,Low-Solids WBM,38.0,312.0,54.0,Synthetic - not an Oil India operational record,NWIS-SYNTH-V3-CORRECTED
OIL-DRK-011,OIL-ASM-000128,Dirok-011,Dirok,DRK,Assam-Arakan,Dibrugarh,Assam,OALP-III-08,Oil India Limited (Synthetic),27.232697,95.303118,Girujan,GRJ,2279,2303,2266,Appraisal,Vertical,OIL Rig-10,OALP,2018-06-12,2018-09-24,Historical,Low,POINT(95.303118 27.232697),Synthetic around public Upper Assam field centers,1168,1854,Claystone-sandstone alternation,2157.6,14.17,Low-Solids WBM,2.6,20.9,39.2,Synthetic - not an Oil India operational record,NWIS-SYNTH-V3-CORRECTED
OIL-BGJ-011,OIL-ASM-000129,Baghjan-011,Baghjan,BGJ,Assam-Arakan,Tinsukia,Assam,OALP-IV-03,Oil India Limited (Synthetic),27.465257,95.463237,Tipam,TIP,2786,2814,2778,Observation,Vertical,OIL Rig-16,OALP,2003-09-03,2004-01-14,Historical,Moderate,POINT(95.463237 27.465257),Synthetic around public Upper Assam field centers,1418,2363,Fine-medium sandstone with shale interbeds,3060.0,15.02,Low-Solids WBM,1.3,220.0,45.3,Synthetic - not an Oil India operational record,NWIS-SYNTH-V3-CORRECTED
OIL-BRH-011,OIL-ASM-000130,Borholla-011,Borholla,BRH,Assam-Arakan,Jorhat,Assam,PEL-ASSAM-07,Oil India Limited (Synthetic),26.773766,94.370639,Barail,BAR,2670,2694,2647,Exploration,Directional,OIL Rig-16,PEL,2014-08-10,2014-10-23,Historical,High,POINT(94.370639 26.773766),Synthetic around public Upper Assam field centers,1309,2118,Interbedded sandstone and shale,2677.7,15.81,KCl Polymer WBM,36.7,295.1,57.5,Synthetic - not an Oil India operational record,NWIS-SYNTH-V3-CORRECTED
OIL-CHR-011,OIL-ASM-000131,Charali-011,Charali,CHR,Assam-Arakan,Biswanath,Assam,PEL-ASSAM-08,Oil India Limited (Synthetic),26.955784,94.014287,Girujan,GRJ,2087,2121,2069,Appraisal,Directional,OIL Rig-20,PEL,2011-12-22,2012-03-19,Historical,Low,POINT(94.014287 26.955784),Synthetic around public Upper Assam field centers,1219,1784,Silty shale with sandstone lenses,2175.9,14.18,PHPA Water-Based Mud,39.3,122.1,40.7,Synthetic - not an Oil India operational record,NWIS-SYNTH-V3-CORRECTED
OIL-KMC-011,OIL-ASM-000132,Kumchai-011,Kumchai,KMC,Assam-Arakan,Tinsukia,Assam,OALP-IV-04,Oil India Limited (Synthetic),27.433934,95.416695,Tipam,TIP,2560,2574,2548,Observation,Deviated,OIL Rig-20,OALP,2017-10-24,2017-12-21,Historical,Moderate,POINT(95.416695 27.433934),Synthetic around public Upper Assam field centers,1608,2318,Sandstone-siltstone sequence,3141.6,14.04,PHPA Water-Based Mud,26.7,200.8,48.6,Synthetic - not an Oil India operational record,NWIS-SYNTH-V3-CORRECTED
OIL-DGB-012,OIL-ASM-000133,Digboi-012,Digboi,DGB,Assam-Arakan,Tinsukia,Assam,PEL-ASSAM-01,Oil India Limited (Synthetic),27.395222,95.64825,Barail,BAR,3039,3052,3031,Development,Vertical,OIL Rig-16,PEL,2019-12-14,2020-03-19,Historical,High,POINT(95.64825 27.395222),Synthetic around public Upper Assam field centers,1571,2298,Sandstone-shale-coal sequence,3236.3,15.6,PHPA Water-Based Mud,2.1,41.2,58.1,Synthetic - not an Oil India operational record,NWIS-SYNTH-V3-CORRECTED
OIL-NHK-012,OIL-ASM-000134,Nahorkatiya-012,Nahorkatiya,NHK,Assam-Arakan,Dibrugarh,Assam,PEL-ASSAM-02,Oil India Limited (Synthetic),27.317135,95.341005,Tipam,TIP,2322,2329,2309,Development,Directional,OIL Rig-08,PEL,2022-11-10,2023-02-16,Historical,Moderate,POINT(95.341005 27.317135),Synthetic around public Upper Assam field centers,1019,1678,Fluvial sandstone with clay streaks,2165.7,14.99,Glycol-PHPA WBM,19.6,326.6,48.1,Synthetic - not an Oil India operational record,NWIS-SYNTH-V3-CORRECTED
OIL-MRN-012,OIL-ASM-000135,Moran-012,Moran,MRN,Assam-Arakan,Dibrugarh,Assam,PEL-ASSAM-03,Oil India Limited (Synthetic),27.146562,94.909418,Tipam,TIP,2348,2373,2338,Development,Deviated,OIL Rig-10,PEL,2017-04-13,2017-09-26,Historical,Moderate,POINT(94.909418 27.146562),Synthetic around public Upper Assam field centers,1312,1895,Fluvial sandstone with clay streaks,2575.6,14.65,KCl Polymer WBM,9.0,64.8,45.8,Synthetic - not an Oil India operational record,NWIS-SYNTH-V3-CORRECTED
OIL-LKW-012,OIL-ASM-000136,Lakwa-012,Lakwa,LKW,Assam-Arakan,Charaideo,Assam,PEL-ASSAM-04,Oil India Limited (Synthetic),26.940265,94.773013,Barail,BAR,2517,2531,2514,Development,Vertical,OIL Rig-16,PEL,2009-12-11,2010-03-13,Historical,Moderate,POINT(94.773013 26.940265),Synthetic around public Upper Assam field centers,1267,1829,Sandstone-shale-coal sequence,2495.2,15.09,Low-Solids WBM,1.0,305.7,47.6,Synthetic - not an Oil India operational record,NWIS-SYNTH-V3-CORRECTED
OIL-GLK-012,OIL-ASM-000137,Geleki-012,Geleki,GLK,Assam-Arakan,Charaideo,Assam,PEL-ASSAM-05,Oil India Limited (Synthetic),26.786536,94.631021,Barail,BAR,3136,3163,3129,Development,Vertical,OIL Rig-18,PEL,2021-11-22,2022-01-27,Historical,High,POINT(94.631021 26.786536),Synthetic around public Upper Assam field centers,1551,2287,Sandstone-shale-coal sequence,3033.9,14.81,KCl Polymer WBM,0.8,335.4,58.4,Synthetic - not an Oil India operational record,NWIS-SYNTH-V3-CORRECTED
OIL-RDS-012,OIL-ASM-000138,Rudrasagar-012,Rudrasagar,RDS,Assam-Arakan,Sivasagar,Assam,PEL-ASSAM-06,Oil India Limited (Synthetic),26.89666,94.605786,Barail,BAR,2736,2752,2715,Appraisal,Vertical,OIL Rig-08,PEL,2022-04-07,2022-07-07,Abandoned,Moderate,POINT(94.605786 26.89666),Synthetic around public Upper Assam field centers,1624,2551,Fine sandstone with carbonaceous shale,3401.9,15.01,KCl Polymer WBM,3.4,99.7,52.3,Synthetic - not an Oil India operational record,NWIS-SYNTH-V3-CORRECTED
OIL-HPJ-012,OIL-ASM-000139,Hapjan-012,Hapjan,HPJ,Assam-Arakan,Tinsukia,Assam,OALP-III-07,Oil India Limited (Synthetic),27.330474,95.233746,Tipam,TIP,2826,2855,2821,Exploration,Vertical,OIL Rig-12,OALP,2004-02-22,2004-06-02,Completed,Moderate,POINT(95.233746 27.330474),Synthetic around public Upper Assam field centers,1401,2273,Sandstone-siltstone sequence,2882.4,15.25,KCl Polymer WBM,5.0,201.4,44.2,Synthetic - not an Oil India operational record,NWIS-SYNTH-V3-CORRECTED
OIL-DRK-012,OIL-ASM-000140,Dirok-012,Dirok,DRK,Assam-Arakan,Dibrugarh,Assam,OALP-III-08,Oil India Limited (Synthetic),27.240486,95.310862,Tipam,TIP,2484,2496,2459,Development,Vertical,OIL Rig-05,OALP,2003-03-26,2003-05-10,Completed,Moderate,POINT(95.310862 27.240486),Synthetic around public Upper Assam field centers,1145,1898,Fine-medium sandstone with shale interbeds,2435.2,14.73,Low-Solids WBM,4.5,149.4,43.0,Synthetic - not an Oil India operational record,NWIS-SYNTH-V3-CORRECTED
OIL-BGJ-012,OIL-ASM-000141,Baghjan-012,Baghjan,BGJ,Assam-Arakan,Tinsukia,Assam,OALP-IV-03,Oil India Limited (Synthetic),27.498911,95.445884,Tipam,TIP,2625,2639,2616,Development,Vertical,OIL Rig-16,OALP,2017-08-31,2018-02-26,Abandoned,Low,POINT(95.445884 27.498911),Synthetic around public Upper Assam field centers,1234,1973,Sandstone-siltstone sequence,2416.6,15.0,Low-Solids WBM,2.7,345.9,42.3,Synthetic - not an Oil India operational record,NWIS-SYNTH-V3-CORRECTED
OIL-BRH-012,OIL-ASM-000142,Borholla-012,Borholla,BRH,Assam-Arakan,Jorhat,Assam,PEL-ASSAM-07,Oil India Limited (Synthetic),26.758351,94.362705,Tipam,TIP,2218,2251,2195,Appraisal,Deviated,OIL Rig-18,PEL,2016-10-27,2017-02-20,Historical,Moderate,POINT(94.362705 26.758351),Synthetic around public Upper Assam field centers,980,1705,Sandstone-siltstone sequence,2186.1,14.17,Glycol-PHPA WBM,20.4,71.9,52.3,Synthetic - not an Oil India operational record,NWIS-SYNTH-V3-CORRECTED
OIL-CHR-012,OIL-ASM-000143,Charali-012,Charali,CHR,Assam-Arakan,Biswanath,Assam,PEL-ASSAM-08,Oil India Limited (Synthetic),27.007017,93.966241,Barail,BAR,3100,3108,3079,Development,Vertical,OIL Rig-14,PEL,2024-06-29,2024-10-24,Historical,Moderate,POINT(93.966241 27.007017),Synthetic around public Upper Assam field centers,1636,2666,Sandstone-shale-coal sequence,3644.6,15.62,Low-Solids WBM,1.5,343.8,53.2,Synthetic - not an Oil India operational record,NWIS-SYNTH-V3-CORRECTED
OIL-KMC-012,OIL-ASM-000144,Kumchai-012,Kumchai,KMC,Assam-Arakan,Tinsukia,Assam,OALP-IV-04,Oil India Limited (Synthetic),27.437002,95.419275,Girujan,GRJ,2385,2404,2369,Development,Vertical,OIL Rig-14,OALP,2002-02-15,2002-06-07,Historical,Low,POINT(95.419275 27.437002),Synthetic around public Upper Assam field centers,1334,2218,Silty shale with sandstone lenses,2701.3,14.57,KCl Polymer WBM,6.0,59.0,41.6,Synthetic - not an Oil India operational record,NWIS-SYNTH-V3-CORRECTED
OIL-DGB-013,OIL-ASM-000145,Digboi-013,Digboi,DGB,Assam-Arakan,Tinsukia,Assam,PEL-ASSAM-01,Oil India Limited (Synthetic),27.398277,95.623753,Barail,BAR,2715,2722,2694,Development,Vertical,OIL Rig-05,PEL,2024-05-06,2024-07-29,Historical,Moderate,POINT(95.623753 27.398277),Synthetic around public Upper Assam field centers,1702,2401,Sandstone-shale-coal sequence,3256.8,14.79,PHPA Water-Based Mud,1.7,51.5,53.9,Synthetic - not an Oil India operational record,NWIS-SYNTH-V3-CORRECTED
OIL-NHK-013,OIL-ASM-000146,Nahorkatiya-013,Nahorkatiya,NHK,Assam-Arakan,Dibrugarh,Assam,PEL-ASSAM-02,Oil India Limited (Synthetic),27.296519,95.331983,Tipam,TIP,2182,2214,2179,Development,Directional,OIL Rig-14,PEL,2019-02-01,2019-04-06,Abandoned,Moderate,POINT(95.331983 27.296519),Synthetic around public Upper Assam field centers,1371,2170,Sandstone-siltstone sequence,2682.1,14.63,KCl Polymer WBM,35.6,171.2,51.6,Synthetic - not an Oil India operational record,NWIS-SYNTH-V3-CORRECTED
OIL-MRN-013,OIL-ASM-000147,Moran-013,Moran,MRN,Assam-Arakan,Dibrugarh,Assam,PEL-ASSAM-03,Oil India Limited (Synthetic),27.170844,94.893589,Tipam,TIP,2390,2411,2369,Development,Vertical,OIL Rig-10,PEL,2008-07-08,2009-01-03,Historical,Low,POINT(94.893589 27.170844),Synthetic around public Upper Assam field centers,1391,2121,Fine-medium sandstone with shale interbeds,2797.0,14.69,KCl Polymer WBM,3.7,152.9,39.3,Synthetic - not an Oil India operational record,NWIS-SYNTH-V3-CORRECTED
OIL-LKW-013,OIL-ASM-000148,Lakwa-013,Lakwa,LKW,Assam-Arakan,Charaideo,Assam,PEL-ASSAM-04,Oil India Limited (Synthetic),26.948646,94.748683,Barail,BAR,3026,3037,3021,Development,Vertical,OIL Rig-10,PEL,2012-12-07,2013-05-13,Historical,Moderate,POINT(94.748683 26.948646),Synthetic around public Upper Assam field centers,1386,2253,Fine sandstone with carbonaceous shale,2902.2,15.47,Glycol-PHPA WBM,5.7,343.4,53.7,Synthetic - not an Oil India operational record,NWIS-SYNTH-V3-CORRECTED
OIL-GLK-013,OIL-ASM-000149,Geleki-013,Geleki,GLK,Assam-Arakan,Charaideo,Assam,PEL-ASSAM-05,Oil India Limited (Synthetic),26.765219,94.641046,Tipam,TIP,2165,2170,2157,Development,Directional,OIL Rig-16,PEL,2004-05-07,2004-08-05,Historical,High,POINT(94.641046 26.765219),Synthetic around public Upper Assam field centers,1291,1972,Fluvial sandstone with clay streaks,2582.3,15.05,KCl Polymer WBM,13.3,73.1,56.2,Synthetic - not an Oil India operational record,NWIS-SYNTH-V3-CORRECTED
OIL-RDS-013,OIL-ASM-000150,Rudrasagar-013,Rudrasagar,RDS,Assam-Arakan,Sivasagar,Assam,PEL-ASSAM-06,Oil India Limited (Synthetic),26.897776,94.585643,Barail,BAR,2617,2642,2614,Exploration,Vertical,OIL Rig-10,PEL,2009-08-01,2009-09-21,Historical,Moderate,POINT(94.585643 26.897776),Synthetic around public Upper Assam field centers,1583,2406,Sandstone-shale-coal sequence,3265.1,15.34,PHPA Water-Based Mud,4.5,85.7,50.5,Synthetic - not an Oil India operational record,NWIS-SYNTH-V3-CORRECTED
